Titlu, Autor, Stoc
An African Romance,Henry Ryder Haggard,13
An Alphabet Of Old Friends,Walter Crane,62
An Antarctic Mystery,Jules Verne,101
An Englishman Looks at the World,H G Wells,59
An Ideal Husband,Oscar Wilde,98
An Imaginative Woman,Thomas Hardy,78
An Inland Voyage,Robert Louis Stevenson,11
An Old Fashioned Girl,Louisa May Alcott,32
An Outcast of the Islands,Joseph Conrad,72
Ann Veronica,H G Wells,92
Anne Of Avonlea,Lucy Maud Montgomery,44
Anne Of Green Gables,Lucy Maud Montgomery,61
Anne's House Of Dreams,Lucy Maud Montgomery,51
Anticipations of the reaction of mechanical and scientific progress upon human life and thought,H G Wells,16
Antonina,Wilkie Collins,27
Antony and Cleopatra,William Shakespeare,32
Apology,Plato,13
Appreciations and Criticisms of the Works,G K Chesterton,92
Areopagitica,John Milton,37
Armadale,Wilkie Collins,93
Article on the Census in Moscow,Leo Tolstoy,22
As You Like It,William Shakespeare,37
Astronomy with an Opera,Garrett Putman Serviss,93
At the Earth's core,Edgar Rice Burroughs,62
Auld Licht Idyls,James M Barrie,44
Aunt Jane's Neices In The Red Cross,L Frank Baum,80
Aunt Jane's Neices on Vacation,L Frank Baum,17
Aunt Jane's Nieces Abroad,L Frank Baum,15
Aunt Jane's Nieces and Uncle John,L Frank Baum,66
Aunt Jane's Nieces at Millville,L Frank Baum,101
Aunt Jane's Nieces at Work,L Frank Baum,38
Aunt Jane's Nieces in Society,Unknown,56
Aunt Jane's Nieces Out West,L Frank Baum,43
Aunt Kipp,Louisa May Alcott,80
Autour de la Lune,Jules Verne,28
Aventures du Capitaine Hatteras,Jules Verne,36
Ayesha,Henry Ryder Haggard,94
Ballads,Robert Louis Stevenson,90
Barnaby Rudge,Charles Dickens,68
Barrack-Room Ballads,Rudyard Kipling,59
Bartleby The Scrivener,Herman Melville,13
Basil,Wilkie Collins,54
Battle Pieces and Aspects of the War,Herman Melville,39
Bay,D H Lawrence,39
Beatrice,Henry Ryder Haggard,47
Before Adam,Jack London,99
Behind A Mask or A Woman's Power,Louisa May Alcott,36
Bethink Yourselves,Leo Tolstoy,99
Better Dead,James M Barrie,12
Bettys Bright Idea - Deacon Pitkin Farm and the First Christmas of New England,,Unknown,94
Black Beauty,Anna Sewel,23
Black Heart and White Heart,Henry Ryder Haggard,95
Bleak House,Charles Dickens,46
Blind Love,Wilkie Collins,19
Boyhood,Leo Tolstoy,45
Brown Wolf and Other Jack London Stories,Jack London,42
Burning Daylight,Jack London,47
Captain Stormfield's Visit to Heaven,Mark Twain,2
Captains Courageous,Rudyard Kipling,84
Catriona,Robert Louis Stevenson,17
Certain Personal Matters,H G Wells,45
Cetywayo and his White Neighbours,Henry Ryder Haggard,48
Chamber Music,James Joyce,34
Chance,Joseph Conrad,32
Chapters from My Autobiography,Mark Twain,3
Charmides,Plato,99
Chicot the Jester,Alexandre Dumas,19
Child of Storm,Henry Ryder Haggard,65
Childhood,Leo Tolstoy,24
Children of the Frost,Jack London,69
Chronicles of Avonlea,Lucy Maud Montgomery,53
Cinq Semaines En Ballon,Jules Verne,27
Cleopatra,Henry Ryder Haggard,48
Colonel Quaritch,Henry Ryder Haggard,36
Complete Prose Works,Walt Whittman,98
Comus,John Milton,71
Coriolanus,William Shakespeare,57
Courage,James M Barrie,38
Cratylus,Plato,75
Crime and Punishment,Fyodor Dostoevsky,83
Critias,Plato,12
Crito,Plato,73
Curiosities of the Sky,Garrett Putman Serviss,22
Frankenstein,Mary Shelley,40
Fruits of Culture,Leo Tolstoy,64
Further Chronicles of Avonlea,Lucy Maud Montgomery,79
Gaspar Ruiz,Joseph Conrad,16
Genesis,The Bible,101
George Bernard Shaw,G K Chesterton,49
Glinda of Oz,L Frank Baum,60
God the Invisible King,H G Wells,15
Godfrey Morgan,Jules Verne,14
Goldsmith's Friend Abroad Again,Mark Twain,5
Goody Two Shoes,Walter Crane,96
Gorgias,Plato,17
Gospel according to St. John,The Bible,17
Gospel according to St. Luke,The Bible,15
Gospel according to St. Mark,The Bible,65
Gospel according to St. Matthew,The Bible,84
Grashalmen,Walt Whittman,88
Great Expectations,Charles Dickens,43
Greybeards at Play,G K Chesterton,74
Habakkuk,The Bible,65
Haggai,The Bible,89
Half A Chance,Frederic S Isham,24
Hamlet,William Shakespeare,96
Hard Times,Charles Dickens,69
Heart and Science,Wilkie Collins,70
Heart of Darkness,Joseph Conrad,100
Henry IV Part I,William Shakespeare,76
Henry IV Part II,William Shakespeare,71
Henry V,William Shakespeare,2
Henry VI Part I,William Shakespeare,97
Henry VI Part II,William Shakespeare,46
Henry VIII,William Shakespeare,41
Heretics,G K Chesterton,100
Hide and Seek,Wilkie Collins,89
His Grace of Osmonde,Frances Hodgson Burnett,38
History of Florence and of the Affairs of Italy,Niccolo Machiavelli,37
Hosea,The Bible,97
Hospital Sketches,Louisa May Alcott,16
Household Papers and Stories,Harriet Beecher Stowe,24
Household Tales,The Grimm Brothers,43
How Tell a Story and Others,Mark Twain,18
How to Analyze People on Sight,,Unknown,52
Hunter Quatermain,Henry Ryder Haggard,60
I and My Chimney,Herman Melville,14
I Say No,Wilkie Collins,52
In Connection With the De Willoughby Claim,Frances Hodgson Burnett,19
In Defence of Harriet Shelley,Mark Twain,27
In the Closed Room,Frances Hodgson Burnett,75
In the Days of the Comet,H G Wells,88
In the Fourth Year,H G Wells,67
In the South Seas,Robert Louis Stevenson,11
Indiscretions of Archie,P G Wodehouse,7
Intentions,Oscar Wilde,27
Interlopers at the Knap,Thomas Hardy,10
Ion,Plato,69
Is Shakespeare Dead,Mark Twain,4
Isaiah,The Bible,4
Island Nights,Robert Louis Stevenson,84
Israel Potter,Herman Melville,81
Jack and Jill,Louisa May Alcott,44
Jane Eyre,Charlotte Bronte,22
Jeremiah,The Bible,32
Jerry of the Islands,Jack London,37
Jess,Henry Ryder Haggard,67
Jezebel,Wilkie Collins,28
Jill the Reckless,P G Wodehouse,96
Jimmy's Cruise In the Pinafore,Louisa May Alcott,50
Jo's Boys,Louisa May Alcott,33
Job,The Bible,63
Joel,The Bible,28
John Barleycorn,Jack London,58
John Marr and Other Poems,Herman Melville,20
Jonah,The Bible,86
Joshua,The Bible,28
Jude The Obscure,Thomas Hardy,72
Judges,The Bible,52
Julius Caesar,William Shakespeare,68
Jungle Tales of Tarzan,Edgar Rice Burroughs,89
Just So Stories,Rudyard Kipling,9
Keraban Le Tetu,Jules Verne,70
Kidnapped,Robert Louis Stevenson,82
Kim,Rudyard Kipling,43
King John,William Shakespeare,20
King Lear,William Shakespeare,7
King Solomons Mines,Henry Ryder Haggard,46
Kitty's Class Day,Louisa May Alcott,33
Knulp,Herman Hesse,39
L'Allegro, Il Penseroso, Comus, and Lycidas,John Milton,74
L'archipel en feu,Jules Verne,80
La Jangada,Jules Verne,93
La maison � vapeur,Jules Verne,9
Laches,Plato,9
Lady Byron Vindicated,Harriet Beecher Stowe,100
Lady Susan,Jane Austen,5
Lady Windermere,Oscar Wilde,89
Lamentations,The Bible,52
Late Lyrics And Earlier,Thomas Hardy,101
Laws,Plato,94
Lay Morals,Robert Louis Stevenson,20
Le Corbeau,Edgar Allan Poe,53
Le Docteur Ox,Jules Verne,16
Le Monsieur De La Petite Dame,Frances Hodgson Burnett,34
Le pays des fourrures,Jules Verne,15
Le pilote du Danube,Jules Verne,52
Le Tetu,Jules Verne,56
Leaves of Grass,Walt Whittman,13
Les Cinq Cents Millions de la Begum,Jules Verne,87
Les enfants du capitaine Grant,Jules Verne,26
Les Indes Noires,Jules Verne,93
Les Miserables,Victor Hugo,22
Les tribulations d'un chinois en Chine,Jules Verne,90
Leviticus,The Bible,74
Life On The Mississippi,Mark Twain,68
Life's Little Ironies,Thomas Hardy,33
Little Dorrit,Charles Dickens,3
Little Lord Fauntleroy,Frances Hodgson Burnett,83
Little Novels,Wilkie Collins,54
Little Saint Elizabeth and Other Stories,Frances Hodgson Burnett,32
Little Wars,H G Wells,75
Little Wizard Stories of Oz,L Frank Baum,27
Little Women,Louisa May Alcott,50
Lodusky,Frances Hodgson Burnett,73
Long Odds,Henry Ryder Haggard [Pdf] [Prc],58
Look! We have come through!,D H Lawrence,92
Lord Arthur Savile,Oscar Wilde,13
Lord Jim,Joseph Conrad,90
Lord Kitchener,G K Chesterton,75
Lost Face,Jack London,14
Louise de la Valliere,Alexandre Dumas,95
Love Among the Chickens,P G Wodehouse,94
Love and Mr Lewisham,H G Wells,22
Love Eternal,Henry Ryder Haggard,77
Love of Life,Jack London,80
Loves Labours Lost,William Shakespeare,3
Lucy Maud Montgomery Short Stories 1896 to 1901,Lucy Maud Montgomery,3
Lucy Maud Montgomery Short Stories 1902 to 1903,Lucy Maud Montgomery,65
Lucy Maud Montgomery Short Stories 1904,Lucy Maud Montgomery,34
Lucy Maud Montgomery Short Stories 1905 to 1906,Lucy Maud Montgomery,63
Lucy Maud Montgomery Short Stories 1907 to 1908,Lucy Maud Montgomery,8
Lysbeth,Henry Ryder Haggard,86
Lysis,Plato,26
Macbeth,William Shakespeare,93
Machiavelli,Niccolo Machiavelli,24
Magic,G K Chesterton,98
Maiwas Revenge,Henry Ryder Haggard,86
Malachi,The Bible,77
Man and Wife,Wilkie Collins,2
Manalive,G K Chesterton,70
Mankind in the Making,H G Wells,37
Mansfield Park,Jane Austen,59
Mardi and A Voyage Thither - Vol I,Herman Melville,100
Mardi and A Voyage Thither Vol II,Herman Melville,48
Margaret Ogilvy,James M Barrie,64
Marie,Henry Ryder Haggard,19
Marjorie's Three Gifts,Louisa May Alcott,100
Martin Chusslewit,Charles Dickens,51
Martin Eden,Jack London,90
Marvelous Land of Oz,L Frank Baum,36
Mary Louise and the Liberty Girls,L Frank Baum,31
Mary Louise,L Frank Baum,53
Mary Louise in the Country,L Frank Baum,55
Mary Louise Solves a Mystery,L Frank Baum,83
Master and Man,Leo Tolstoy,39
Mathilda,Mary Shelley,38
Mayor of Casterbridge,Thomas Hardy,34
Measure for Measure,William Shakespeare,22
Memoir of Fleeming Jenkin,Robert Louis Stevenson,4
Memoirs of My Life and Writings,Edward Gibbon,11
Memories and Portraits,Robert Louis Stevenson,72
Menexenus,Plato,10
Cymbeline,William Shakespeare,91
Daniel,The Bible,76
Daniel Deronda,George Eliot,27
David Copperfield,Charles Dickens,61
Dawn,Henry Ryder Haggard,67
De Profundis,Oscar Wilde,18
Dear Brutus,James M Barrie,83
Death At The Excelsior,P G Wodehouse,71
Debby Debut,Louisa May Alcott,57
Departmental Ditties and Barrack Room Ballads,Rudyard Kipling,53
Desperate Remedies,Thomas Hardy,61
Deuteronomy,The Bible,75
Dick Sand,Jules Verne,100
Dickory Cronke,Daniel Defoe,68
Discourses on the First Decade of Titus Livius,Niccolo Machiavelli,47
Doctor Therne,Henry Ryder Haggard,92
Dombey and Son,Charles Dickens,45
Don Quixote Volume 1,Miguel De Cervantes,100
Don Quixote Volume 2,Miguel De Cervantes,32
Dorothy and the Wizard in Oz,L Frank Baum,17
Dr. Jekyll and Mr. Hyde,Robert Louis Stevenson,75
Dream Days,Kenneth Grahame,45
Drum Taps,Walt Whittman,3
Dubliners,James Joyce,90
Dutch Courage and Other Stories,Jack London,63
Ecclesiastes,The Bible,77
Echoes of the War,James M Barrie,69
Edgar Allan Poe's Complete Poetical Works,Edgar Allan Poe,49
Edinburgh,Robert Louis Stevenson,70
Edisons Conquest of Mars,Garrett Putman Serviss,75
Editorial Wild Oats,Mark Twain,6
Eight Cousins,Louisa May Alcott,47
Eight Hundred Leagues on the Amazon,Jules Verne,73
Emily Fox-Seton,Frances Hodgson Burnett,96
Emma,Jane Austen,14
End of the Tether,Joseph Conrad,20
Epistle of James,The Bible,40
Epistle of Jude,The Bible,93
Epistle to Philemon,The Bible,15
Epistle to the Colossians,The Bible,37
Epistle to the Ephesians,The Bible,21
Epistle to the Galatians,The Bible,31
Epistle to the Hebrews,The Bible,12
Epistle to the Philippians,The Bible,45
Epistle to the Romans,The Bible,23
Epistle to Titus,The Bible,47
Eric Brighteyes,Henry Ryder Haggard,89
Esmeralda,Frances Hodgson Burnett,95
Essays & Lectures,Oscar Wilde,58
Essays of Robert Louis Stevenson,Robert Louis Stevenson,3
Essays of Travel,Robert Louis Stevenson,101
Essays on Paul Bourget,Mark Twain,11
Esther,The Bible,80
Eureka,Edgar Allan Poe,64
Euthydemus,Plato,50
Euthyphro,Plato,85
Eve's Diary,Mark Twain,34
Exodus,The Bible,54
Ezekiel,The Bible,47
Ezra,The Bible,89
Fables,Robert Louis Stevenson,30
Face au drapeau,Jules Verne,8
Facing the Flag,Jules Verne,96
Fair Margaret,Henry Ryder Haggard,49
Fairy Tales,The Grimm Brothers,17
Falk,Joseph Conrad,48
Familiar Studies of Men,Robert Louis Stevenson,92
Fantasia of the Unconscious,D H Lawrence,83
Far From The Madding Crowd,Thomas Hardy,26
Father Damien an Open Letter to the Reverend Dr Hyde,Robert Louis Stevenson,23
Father Sergius,Leo Tolstoy,81
Felix Holt, the Radical,George Eliot,62
Fellow Townsmen,Thomas Hardy,76
Fenimore Cooper's Literary Offences,Mark Twain,10
Finished,Henry Ryder Haggard,18
First and Last Things,H G Wells,82
First Decade of Titus Livius,Niccolo Machiavelli,55
First Epistle of John,The Bible,51
First Epistle of Peter,The Bible,53
First Epistle to the Corinthians,The Bible,32
First Epistle to the Thessalonians,The Bible,60
First Epistle to Timothy,The Bible,54
Five Weeks in a Balloon,Jules Verne,91
Floor Games,H G Wells,10
Following the Equator,Mark Twain,33
For Love of the King,Oscar Wilde,71
1 Chronicles,The Bible,25
1 Kings,The Bible,21
1 Samuel,The Bible,80
2 Chronicles,The Bible,53
2 Kings,The Bible,62
2 Samuel,The Bible,66
20000 Lieues sous les mers Parts 1 and 2,Jules Verne,48
9672,Jules Verne,49
A Burlesque Autobiography,Mark Twain,26
A Changed Man And Other Tales,Thomas Hardy,59
A Child's Garden of Verses,Robert Louis Stevenson,24
A Christmas Carol,Charles Dickens,99
A Christmas Sermon,Robert Louis Stevenson,100
A Columbus of Space,Garrett Putman Serviss,57
A Connecticut Yankee in King Arthur's Court,Mark Twain,72
A Country Christmas,Louisa May Alcott,25
A Damsel in Distress,P G Wodehouse,100
A Daughter of the Snows,Jack London,75
A Dog's Tale,Mark Twain,48
A Double Barrelled Detective Story,Mark Twain,50
A Fair Barbarian,Frances Hodgson Burnett,35
A Fair Penitent,Wilkie Collins,50
A Floral Fantasy in an Old English Garden,Walter Crane,73
A Footnote to History,Robert Louis Stevenson,88
A Garland For Girls,Louisa May Alcott,58
A Group Of Noble Dames,Thomas Hardy,40
A History of the United States,Cecil Chesterton,33
A Horse's Tale,Mark Twain,54
A House of Pomegranates,Oscar Wilde,16
A Journey to the Centre of the Earth,Jules Verne,30
A Journey to the Interior of the Earth,Jules Verne,31
A Kidnapped Santa Claus,L Frank Baum,10
A Lady Of Quality,Frances Hodgson Burnett,79
A Laodicean,Thomas Hardy,15
A Letter to a Hindu,Leo Tolstoy,27
A Little Princess,Frances Hodgson Burnett,93
A Man and His Money,Frederic S Isham,2
A Man of Means,P G Wodehouse,94
A Masque of Days,Walter Crane,20
A Mere Interlude,Thomas Hardy,55
A Midsummer Night's Dream,William Shakespeare,58
A Miscellany of Men,G K Chesterton,8
A Modern Cinderella,Louisa May Alcott,41
A Modern Utopia,H G Wells,84
A Pair of Blue Eyes,Thomas Hardy,54
A Personal Record,Joseph Conrad,59
A Portrait of the Artist as a Young Man,James Joyce,66
A Prefect's Uncle,P G Wodehouse,50
A Rogue's Life,Wilkie Collins,82
A Set of Six,Joseph Conrad,67
A Short History of England,G K Chesterton,4
A Son of the Sun,Jack London,83
A Tale of Three Lions,Henry Ryder Haggard,23
A Tale of Two Cities,Charles Dickens,2
A Tramp Abroad,Mark Twain,39
A Voyage in a Balloon _1852_,Jules Verne,80
A Window in Thrums,James M Barrie,66
A Winter Amid the Ice,Jules Verne,33
A Winter Nosegay,Walter Crane,24
A Wodehouse Miscellany,P G Wodehouse,59
A Woman of No Importance,Oscar Wilde,64
Aaron's rod,D H Lawrence,28
Abandoned,Jules Verne,12
Across The Plains,Robert Louis Stevenson,89
Actions and Reactions,Rudyard Kipling,34
Acts of the Apostles,The Bible,47
Adam Bede,George Eliot,92
Adventure,Jack London,97
Adventures of Huckleberry Finn,Mark Twain,99
After Dark,Wilkie Collins,89
Alarms and Discursions,G K Chesterton,86
Ali Pacha,Alexandre Dumas,33
Alice Sit-By-The-Fire,James M Barrie,40
Alice's Adventures In Wonderland,Lewis Carroll,99
All Around the Moon,Jules Verne,25
Allan and the Holy Flower,Henry Ryder Haggard,7
Allan Quatermain,Henry Ryder Haggard,85
Allans Wife,Henry Ryder Haggard,82
Almayers Folly,Joseph Conrad,94
Alonzo Fitz and Other Stories,Mark Twain,81
American Fairy Tales,L Frank Baum,61
Amores,D H Lawrence,86
Amos,The Bible,101
Amy Foster,Joseph Conrad,28
The Merchant of Venice,William Shakespeare,45
The Merry Men,Robert Louis Stevenson,73
The Merry Wives of Windsor,William Shakespeare,10
The Mill on the Floss,George Eliot,14
The Mirror of the Sea,Joseph Conrad,5
The Monster Men,Edgar Rice Burroughs,60
The Moon Metal,Garrett Putman Serviss,29
The Moon-Voyage,Jules Verne,41
The Moonstone,Wilkie Collins,70
The Mucker,Edgar Rice Burroughs,16
The Mutiny of the Elsinore,Jack London,60
The Mysterious Affair at Styles,Agatha Christie,19
The Mysterious Island,Jules Verne,16
The Mysterious Stranger and Other Stories,Mark Twain,6
The Napoleon of Notting Hill,G K Chesterton,71
The New Jerusalem,G K Chesterton,17
The New Machiavelli,H G Wells,41
The New Magdalen,Wilkie Collins,45
The Night-Born,Jack London,8
The Notebooks of Leonardo Da Vinci Complete,Leonardo Da Vinci,58
The Oakdale Affair,Edgar Rice Burroughs,27
The Odyssey of Homer,Homer,43
The Old Curiosity Shop,Charles Dickens,36
The Outlaw of Torn,Edgar Rice Burroughs,80
The Passionate Friends,H G Wells,85
The Patchwork Girl of Oz,L Frank Baum,84
The Patriotic Poems of Walt Whitman,Walt Whittman,30
The Pearl of Lima,Jules Verne,3
The Pearl of Orr,Harriet Beecher Stowe,93
The People of the Abyss,Jack London,20
The People Of The Mist,Henry Ryder Haggard,101
The People that Time Forgot,Edgar Rice Burroughs,50
The Piazza Tales,Herman Melville,2
The Pickwick Papers,Charles Dickens,72
The Picture of Dorian Gray,Oscar Wilde,59
The Poetical Works of John Milton,John Milton,77
The Point Of Honor,Joseph Conrad,49
The Politeness of Princes,P G Wodehouse,83
The Pothunters,P G Wodehouse,82
The Practice and Theory of Bolshevism,Bertrand Russell,78
The Prince and Betty,P G Wodehouse,73
The Prince and The Pauper,Mark Twain,53
The Prince,Niccolo Machiavelli,74
The Problem of China,Bertrand Russell,58
The Problems of Philosophy,Bertrand Russell,59
The Professor,Charlotte Bronte,58
The Prussian Officer,D H Lawrence,83
The Queen of Hearts,Wilkie Collins,42
The Ragged Trousered Philanthropists,Robert Tressell,67
The Rainbow,D H Lawrence,62
The Raven,Edgar Allan Poe,2
The Red One,Jack London,100
The Red Room,H G Wells,14
The Republic,Plato,39
The Rescue,Joseph Conrad,16
The Research Magnificent,H G Wells,42
The Return of Tarzan,Edgar Rice Burroughs,90
The Return of the Native,Thomas Hardy,34
The Road,Jack London,21
The Road to Oz,L Frank Baum,60
The Romantic Adventures of a Milkmaid,Thomas Hardy,40
The Royal Book of Oz,L Frank Baum,19
The Salvaging Of Civilisation,H G Wells,38
The Scarecrow of Oz,L Frank Baum,93
The Scarlet Plague,Jack London,17
The Sea Fairies,L Frank Baum,2
The Sea Wolf,Jack London,8
The Second Deluge,Garrett Putman Serviss,40
The Second Jungle Book,Rudyard Kipling,9
The Secret Adversary,Agatha Christie,90
The Secret Agent,Joseph Conrad,48
The Secret Garden,Frances Hodgson Burnett,77
The Secret of the Island,Jules Verne,95
The Secret Places of the Heart,H G Wells,14
The Secret Sharer,Joseph Conrad,6
The Seven Seas,Rudyard Kipling,32
The Shadow,Joseph Conrad,82
The Shuttle,Frances Hodgson Burnett,67
The Silverado Squatters,Robert Louis Stevenson,77
The Sleeper Awakes,H G Wells,50
The Son of Tarzan,Edgar Rice Burroughs,90
The Son of the Wolf,Jack London,18
The Song of Solomon,The Bible,23
The Stolen Bacillus and Other Incidents,H G Wells,76
The Stolen White Elephant,Mark Twain,95
The Story Girl,Lucy Maud Montgomery,35
The Story of Miss Moppet,Beatrix Potter,3
The Story of the Gadsby,Rudyard Kipling,19
The Strength of the Strong,Jack London,25
The Strollers,Frederic S Isham,29
The Surprising Adventures of the Magical Monarch of Mo and His,Unknown,86
The Surprising Adventures of the Magical Monarch of Mo and His People,L,85
The Survivors of the Chancellor,Jules Verne,77
The Swoop,P G Wodehouse,100
The Tale of Ginger and Pickles,Beatrix Potter,45
The Tale of Jemima Puddle-Duck,Beatrix Potter,18
The Tale of Johnny Town Mouse,Beatrix Potter,55
The Tale of Mr Jeremy Fisher,Beatrix Potter,26
The Tale of Mr Tod,Beatrix Potter,53
The Tale of Mrs Tiggy-Winkle,Beatrix Potter,73
The Tale of Mrs Tittlemouse,Beatrix Potter,72
The Tale of Samuel Whiskers,Beatrix Potter,41
The Tale of Squirrel Nutkin,Beatrix Potter,3
The Tale of the Flopsy Bunnies,Beatrix Potter,45
The Tale of the Pie and the Patty Pan,Beatrix Potter,7
The Taming of the Shrew,William Shakespeare,70
The Tempest,William Shakespeare,49
The Three Musketeers,Alexandre Dumas,47
The Three Strangers,Thomas Hardy,59
The Time Machine,H G Wells,61
The Tin Woodman of Oz,L Frank Baum,24
The Treaty With China,Mark Twain,63
The Trees of Pride,G K Chesterton,16
The Trespasser,D H Lawrence,34
The Trumpet Major,Thomas Hardy,27
The Turtles of Tasman,Jack London,84
The Two Destinies,Wilkie Collins,94
The Underground City,Jules Verne,62
The Valley of the Moon,Jack London,94
The Victorian Age in Literature,G K Chesterton,22
The Virgin of the Sun,Henry Ryder Haggard,83
The Voyages and Adventures of Captain,Jules Verne,45
The Waif of the Cynthia,Jules Verne [Pdf],52
The Waif Woman,Robert Louis Stevenson,91
The Wanderer,Henry Ryder Haggard,77
The Wanderer's Necklace,Henry Ryder Haggard,19
The War in the Air,H G Wells,86
The War of the Worlds,H G Wells,22
The Well-Beloved,Thomas Hardy,79
The Wheels of Chance,H G Wells,50
The White Feather,P G Wodehouse,69
The White People,Frances Hodgson Burnett,14
The Wife of Sir Isaac Harman,H G Wells,37
The Wild Knight and Other Poems,G K Chesterton,56
The Wind in the Willows,Kenneth Grahame,77
The Wisdom of Father Brown,G K Chesterton,6
The Withered Arm,Thomas Hardy,72
The Wizard,Henry Ryder Haggard,98
The Woggle-Bug Book,L Frank Baum,22
The Woman in White,Wilkie Collins,96
The Wonderful Visit,H G Wells,18
The Woodlanders,Thomas Hardy,68
The Works of Edgar Allan Poe - Volume 1,Edgar Allan Poe,23
The Works of Edgar Allan Poe - Volume 2,Edgar Allan Poe,8
The Works of Edgar Allan Poe - Volume 3,Edgar Allan Poe,30
The Works of Edgar Allan Poe - Volume 4,Edgar Allan Poe,2
The Works of Edgar Allan Poe - Volume 5,Edgar Allan Poe,56
The World Set Free,H G Wells,73
The Wound Dresser,Walt Whittman,98
The Wrecker,Robert Louis Stevenson,20
The Wrong Box,Robert Louis Stevenson,13
The Yellow God,Henry Ryder Haggard,52
The Young Visiters or, Mr. Salteena's Plan,James M Barrie,63
Theaetetus,Plato,65
Theft,Jack London,58
Theo,Frances Hodgson Burnett,65
Third Epistle of John,The Bible,88
Thoughts Evoked By The Census Of Moscow,Leo Tolstoy,10
Thoughts on Art and Life,Leonardo Da Vinci,99
Three Men and a Maid,P G Wodehouse,17
Through the Looking Glass,Lewis Carroll,11
Thuvia,Edgar Rice Burroughs,77
Tik of Oz,L Frank Baum,35
Timaeus,Plato,95
Meno,Plato,41
Metamorphosis,Franz Kafka,69
Micah,The Bible,37
Michael - Brother of Jerry,Jack London,57
Michel Strogoff - French,Jules Verne,6
Middlemarch,George Eliot,91
Mike,P G Wodehouse,48
Minor Poems,Milton,14
Miscellaneous Aphorisms - The Soul Of Man,Oscar Wilde,101
Miscellaneous,Oscar Wilde,73
Miss or Mrs,Wilkie Collins,5
Mistress Branican,Jules Verne,65
Moby Dick,Herman Melville,5
Moll Flanders,Daniel Defoe,39
Moments of Vision,Thomas Hardy,24
Montezuma,Henry Ryder Haggard,26
Moon of Israel,Henry Ryder Haggard,53
Moon-Face and Other Stories,Jack London,2
Moral Emblems,Robert Louis Stevenson,49
Morning Star,Henry Ryder Haggard,10
Mother Goose in Prose,L Frank Baum,18
Mother Gooses Nursery Rhymes,Walter Crane,85
Mr Meesons Will,Henry Ryder Haggard,18
Mr. Britling Sees It Through,H G Wells,51
Much Ado About Nothing,William Shakespeare,86
My England,D H Lawrence,8
My Lady Nicotine,James M Barrie,96
My Lady's Money,Wilkie Collins,45
My Man Jeaves,P G Wodehouse,97
My Red Cap,Louisa May Alcott,37
My Robin,Frances Hodgson Burnett,35
Nada the Lil,Henry Ryder Haggard,46
Nahum,The Bible,93
Napoleon the Little,Victor Hugo,92
Nehemiah,The Bible,68
Nelly's Hospital,Louisa May Alcott,25
New Arabian Nights,Robert Louis Stevenson,35
New Poems,D H Lawrence,9
Timon of Athens,William Shakespeare,101
Titus Andronicus,William Shakespeare,15
Toilers of the Sea,Victor Hugo,78
Tolstoy on Shakespeare,Leo Tolstoy,48
Tom Sawyer Abroad,Mark Twain,11
Tom Sawyer, Detective,Mark Twain,45
Tommy and Grizel,James M Barrie,59
Tomorrow,Joseph Conrad,6
Tono Bungay,H G Wells,34
Tortoises,D H Lawrence,8
Touch and Go,D H Lawrence,11
Tour du Monde en 80 Jours,Jules Verne,91
Traffics and Discoveries,Rudyard Kipling,77
Travels with a Donkey in the Cevennes,Robert Louis Stevenson,12
Treasure Island,Robert Louis Stevenson,41
Tremendous Trifles,G K Chesterton,6
Troilus and Cressida,William Shakespeare,87
Troilus and Criseyde,Geoffrey Chaucer,27
Twelfth Night,William Shakespeare,50
Twelve Stories and a Dream,H G Wells,48
Twelve Types,G K Chesterton,93
Twenty Thousand Leagues under the Sea,Jules Verne,83
Twenty Years After,Alexandre Dumas,79
Twilight in Italy,D H Lawrence,66
Twinkle and Chubbins,L Frank Baum,89
Twixt Land and Sea,Joseph Conrad,60
Two Gentlemen of Verona,William Shakespeare,28
Two on a Tower,Thomas Hardy,14
Typee,Herman Melville,40
Typhoon,Joseph Conrad,96
Ulysses,James Joyce,25
Un billet de loterie,Jules Verne,26
Uncle Toms Cabin,Harriet Beecher Stowe,53
Under the Deodars,Rudyard Kipling,11
Under the Greenwood Tree,Thomas Hardy,20
Under the Lilacs,Louisa May Alcott,3
Under the Rose,Frederic S Isham,56
Under Western Eyes,Joseph Conrad,60
Une ville flottante,Jules Verne,82
Uneasy Money,P G Wodehouse,19
Usurers and other Essays,G K Chesterton,45
Vagabondia,Frances Hodgson Burnett,51
Vailima Prayers,Robert Louis Stevenson,37
Varied Types,G K Chesterton,87
Vera,Oscar Wilde,40
Vicomte de Bragelonne,Alexandre Dumas,8
Victory,Joseph Conrad,37
Villette,Charlotte Bronte,13
Voyage au Centre de la Terre,Jules Verne,85
War and Peace,Leo Tolstoy,50
War of the Classes,Jack London,81
Warlord of Mars,Edgar Rice Burroughs,87
Wessex Poems and Other Verses,Thomas Hardy,30
What Every Woman Knows,James M Barrie,50
What I Saw in America,G K Chesterton,44
What is Coming,H G Wells,7
What Is Man - And Other Stories,Mark Twain,44
What Men Live By and Other Tales,Leo Tolstoy,32
What the Bell Saw and Said,Louisa May Alcott,98
What To Do,Leo Tolstoy,93
What's Wrong with the World,G K Chesterton,3
When God Laughs and Other Stories,Jack London,50
When the Sleeper Wakes,H,14
When the World Shook,Henry Ryder Haggard,43
White Fang,Jack London,4
White Jacket,Herman Melville,83
William Tell Told Again,P G Wodehouse,30
Winter's Tale,William Shakespeare,33
Wintry Peacock,D H Lawrence,95
Within the Tides,Joseph Conrad,11
Women in Love,D H Lawrence,33
Wonderful Wizard of Oz,L Frank Baum,41
Work A Story of Experience,Louisa May Alcott,73
Wuthering Heights,Emily Bronte,67
Youth,Joseph Conrad,81
Zechariah,The Bible,12
Zephaniah,The Bible,62
New Worlds For Old,H G Wells,82
Nicholas Nickleby,Charles Dickens,68
No Name,Wilkie Collins,19
Nord contre sud,Jules Verne,21
Northanger Abbey,Jane Austen,71
Nostromo A Tale of the Seaboard,Joseph Conrad,3
Not George Washington,P G Wodehouse,13
Notes on Life and Letters,Joseph Conrad,58
Notre Dame de Paris,Victor Hugo,14
Numbers,The Bible,20
Obadiah,The Bible,11
Off on a Comet,Jules Verne,98
Oldtown Fireside Stories,Harriet Beecher Stowe,8
Oliver Twist,Charles Dickens,56
Omoo - Adventures in the South Seas,Herman Melville,57
On Picket Duty,Louisa May Alcott,79
On the Makaloa Mat,Jack London,39
On the Significance of Science and Art,Leo Tolstoy,55
One Day At Arle,Frances Hodgson Burnett,55
One Day More,Joseph Conrad,74
Orthodoxy,G K Chesterton,64
Othello,William Shakespeare,53
Other Worlds,Garrett Putman Serviss,48
Our Knowledge of the External World as a Field for Scientific Method in Philosophy,Bertrand Russell,59
Our Mutual Friend,Charles Dickens,62
Out of Time,Edgar Rice Burroughs,79
Ozma of Oz,L Frank Baum,54
Pagan Papers,Kenneth Grahame,66
Paradise Lost,John Milton,98
Paradise Regained,John Milton,4
Parmenides,Plato,89
Pauline's Passion and Punishment,Louisa May Alcott,26
Pearl Maiden,Henry Ryder Haggard,100
Pellucidar,Edgar Rice Burroughs,78
Pericles, Prince of Tyre,William Shakespeare,55
Personal Recollections of Joan of Arc - Volume 1,Mark Twain,12
Personal Recollections of Joan of Arc - Volume 2,Mark Twain,30
Persuasion,Jane Austen,98
Peter and Wendy,James M Barrie,10
Peter Pan,James M Barrie,62
Peter Pan in Kensington Gardens,James M Barrie,21
Phaedo,Plato,27
Phaedrus,Plato,99
Phantasmagoria and Other Poems,Lewis Carroll,63
Philebus,Plato,21
Piccadilly Jim,P G Wodehouse,99
Pierre or The Ambiguities,Herman Melville,53
Pink and White Tyranny,Harriet Beecher Stowe [Pdf],19
Plain Tales from the Hills,Rudyard Kipling,41
Pleasures of the Telescope,Garrett Putman Serviss,73
Poemata,John Milton,25
Poems,G K Chesterton,6
Policeman Bluejay,L Frank Baum,62
Political Ideals,Bertrand Russell,65
Poor Miss Finch,Wilkie Collins,69
Pride and Prejudice,Jane Austen,75
Prince Otto,Robert Louis Stevenson,22
Princess Belle,Walter Crane,81
Proposed Roads To Freedom,Bertrand Russell,81
Proserpine and Midas,Mary Shelley,77
Protagoras,Plato,98
Proverbs,The Bible,46
Psalms,The Bible,65
Psmith,P G Wodehouse,22
Psmith in the City,P G Wodehouse,96
Psyche's Art,Louisa May Alcott,53
Puck of Pook�s Hill,Rudyard Kipling,75
Quality Street,James M Barrie,38
Queen Sheba's Ring,Henry Ryder Haggard,66
Queen Summer,Walter Crane,93
Queer Little Folks,Harriet Beecher Stowe,78
Racketty-Packetty House,Frances Hodgson Burnett,65
Rainbow Valley,Lucy Maud Montgomery,40
Rambles Beyond Railways,Wilkie Collins,62
Records of a Family of Engineers,Robert Louis Stevenson,98
Red Eve,Henry Ryder Haggard,38
Redburn - His First Voyage,Herman Melville,30
Redemption and Two Other Plays,Leo Tolstoy,73
Regeneration,Henry Ryder Haggard,77
Resurrection,Leo Tolstoy,82
Revelation (Apocalypse),The Bible,95
Reviews,Oscar Wilde,51
Richard II,William Shakespeare,41
Richard III,William Shakespeare,85
Right Ho Jeeves,P G Wodehouse,66
Rilla of Ingleside,Lucy Maud Montgomery,26
Rinkitink in Oz,L Frank Baum,90
Robert Browning,G K Chesterton,101
Robin,Frances Hodgson Burnett,23
Robinson Crusoe,Daniel Defoe,87
Romance,Joseph Conrad,70
Romeo and Juliet,William Shakespeare,6
Romola,George Eliot,8
Rose in Bloom,Louisa May Alcott,45
Roses and Forget-Me-Nots,Louisa May Alcott,31
Roughing It,Mark Twain,34
Round the World in Eighty Days,Jules Verne,79
Rubur the Conqueror,Jules Verne,96
Ruth,The Bible,37
Sans dessus dessous,Jules Verne,63
Sara Crewe,Frances Hodgson Burnett,10
Sea and Sardinia,D H Lawrence,97
Search of the Castaways,Jules Verne,85
Second Epistle of John,The Bible,15
Second Epistle of Peter,The Bible,100
Second Epistle to the Corinthians,The Bible,34
Second Epistle to the Thessalonians,The Bible,84
Second Epistle to Timothy,The Bible,68
Select Conversations with an Uncle,H G Wells,39
Selected Poems of Oscar Wilde,Oscar Wilde,79
Selected Prose of Oscar Wilde,Oscar Wilde,74
Sense and Sensibility,Jane Austen,6
Sentimental Tommy,James M Barrie,12
Seth,Frances Hodgson Burnett,59
Shawl Straps,Louisa May Alcott,98
She and Allan,Henry Ryder Haggard,66
She,Henry Ryder Haggard,91
Shirley,Charlotte Bronte,31
Shorter Prose Pieces,Oscar Wilde,48
Siddhartha,Herman Hesse,93
Silas Marner,George Eliot,84
Sisar Rosa,Wilkie Collins,66
Sketches New and Old,Mark Twain,41
Sky Island,L Frank Baum,17
Smith and the Pharaohs and Other Tales,Henry Ryder Haggard,23
Smoke Bellew,Jack London,78
Soldiers Three,Rudyard Kipling,77
Some Rambling Notes of an Idle Excursion,Mark Twain,97
Some Reminiscences,Joseph Conrad,36
Something New,P G Wodehouse,84
Song of Sixpence,Walter Crane,2
Sons and Lovers,D H Lawrence,93
Sophist,Plato,83
Soul of a Bishop,H G Wells,21
South Sea Tales,Jack London,39
Squire Petricks Lady,Thomas Hardy,27
St Barbara,G K Chesterton,76
St Ives,Robert Louis Stevenson,73
Stalky & Co,Rudyard Kipling,54
Statesman,Plato,2
Stella Fregelius,Henry Ryder Haggard,86
Stories of Ships and the Sea,Jack London,94
Sunny Memories Of Foreign Lands Volume 1,Harriet Beecher Stowe,31
Sunny Memories of Foreign Lands Volume 2,Harriet Beecher Stowe,38
Surly Tim,Frances Hodgson Burnett,42
Swallow,Henry Ryder Haggard,86
Symposium,Plato,46
T. Tembarom,Frances Hodgson Burnett,33
Tales and Fantasies,Robert Louis Stevenson,70
Tales Of Hearsay,Joseph Conrad,94
Tales of Space and Time,H G Wells,73
Tales of St Austin's,P G Wodehouse,78
Tales of the Fish Patrol,Jack London,80
Tales of Unrest,Joseph Conrad,87
Tarzan of the Apes,Edgar Rice Burroughs,101
Tarzan the Terrible,Edgar Rice Burroughs,72
Tarzan the Untamed,Edgar Rice Burroughs,85
Ten Years Later,Alexandre Dumas,3
Tess of the d'Urbervilles,Thomas Hardy,37
That Lass O' Lowrie's,Frances Hodgson Burnett,22
The Abbot's Ghost; or, Maurice Treherne's Temptation,Louisa May Alcott,87
The Absurd ABC,Walter Crane,88
The Acorn-Planter,Jack London,91
The Admirable Crichton,James M Barrie,63
The Adventures of a Special Correspondent,Jules Verne,42
The Adventures of Sally,P G Wodehouse,13
The Adventures of Tom Sawyer,Mark Twain,73
The Aeneid,Virgil,75
The American Claimant,Mark Twain,98
The Analysis of Mind,Bertrand Russell,26
The Ancient Allan,Henry Ryder Haggard,34
The Appetite of Tyranny,G K Chesterton,3
The Arrow of Gold,Joseph Conrad,70
The Art of Writing and Other Essays,Robert Louis Stevenson,71
The Awakening,Leo Tolstoy,75
The Baby's Opera,Walter Crane,91
The Baby's Own Aesop,Walter Crane,40
The Ball and The Cross,G K Chesterton,63
The Ballad of Reading Gaol,Oscar Wilde,71
The Ballad of the White Horse,G K Chesterton,36
The Barbarism of Berlin,G K Chesterton,45
The Beasts of Tarzan,Edgar Rice Burroughs,38
The Black Arrow,Robert Louis Stevenson,11
The Black Robe,Wilkie Collins,98
The Black Tulip,Alexandre Dumas,2
The Brethren,Henry Ryder Haggard,99
The Brothers,Louisa May Alcott,16
The Buckle My Shoe Picture Book,Walter Crane,74
The Call of the Wild,Jack London,27
The Canterbury Tales and Other Poems,Geoffrey Chaucer,66
The Canterville Ghost,Oscar Wilde,68
The Cask of Amontillado,Edgar Allan Poe,67
The Cause of it All,Leo Tolstoy,18
The Chessmen of Mars,Edgar Rice Burroughs,80
The Clicking of Cuthbert,P G Wodehouse,32
The Club of Queer Trades,G K Chesterton,12
The Comedy of Errors,William Shakespeare,71
The Coming of Bill,P G Wodehouse,28
The Companions of Jehu,Alexandre Dumas,88
The Confidence,Herman Melville,6
The Cossacks,Leo Tolstoy,7
The Count of Monte Cristo,Alexandre Dumas,47
The Country of the Blind,H G Wells,26
The Crimes of England,G K Chesterton,40
The Cross on the Old Church Tower,Louisa May Alcott,28
The Cruise of the Dazzler,Jack London,91
The Cruise of the Snark,Jack London,32
The Dawn of To-morrow,Frances Hodgson Burnett,36
The Dead Alive,Wilkie Collins,18
The Death of John,Louisa May Alcott,46
The Defendant,G K Chesterton,88
The Distracted Preacher,Thomas Hardy,24
The Door in the Wall And Other Stories,H G Wells,45
The Duchess of Padua,Oscar Wilde,49
The Dynasts,Thomas Hardy,36
The Ebb-Tide,Robert Louis Stevenson,2
The Efficiency Expert,Edgar Rice Burroughs,92
The Emerald City of Oz,L Frank Baum,66
The Enchanted Island of Yew,L Frank Baum,18
The English at the North Pole,Jules Verne,45
The Evil Genius,Wilkie Collins,54
The Facts Concerning The Recent Carnival Of Crime In Connecticut,Mark,60
The Faith of Men,Jack London,40
The Fall of the House of Usher,Edgar Allan Poe,24
The Fallen Leaves,Wilkie Collins,66
The First Distiller,Leo Tolstoy,41
The First Men In the Moon,H G Wells,29
The Food of the Gods and How It Came to Earth,H G Wells,86
The Forged Coupon and Other Stories,Leo Tolstoy,30
The Forty-Five Guardsmen,Alexandre Dumas,25
The Frozen Deep,Wilkie Collins,46
The Further Adventures of Robinson Crusoe,Daniel Defoe,16
The Further Adventures of Robinson Crusoe,,Unknown,84
The Game,Jack London,2
The Gem Collector,P G Wodehouse,40
The Georgics,Virgil,78
The Ghost Kings,Henry Ryder Haggard,12
The Gilded Age,Mark Twain,25
The Girl on the Boat,P G Wodehouse,56
The God of His Fathers,Jack London,49
The Gods of Mars,Edgar Rice Burroughs,46
The Gold Bat,P G Wodehouse,39
The Golden Age,Kenneth Grahame,9
The Guilty River,Wilkie Collins,68
The Hand of Ethelberta,Thomas Hardy,35
The Happy Prince and Other Tales,Oscar Wilde,15
The Haunted Hotel,Wilkie Collins,4
The Head of Kay,P G Wodehouse,73
The Head of the House of Coombe,Frances Hodgson Burnett,53
The Headswoman,Kenneth Grahame,31
The History of a Crime,Victor Hugo,92
The History of Mr Polly,H G Wells,35
The History of the Decline and Fall of the Roman Empire Vol 1,Edward Gibbon,90
The History of The Decline and Fall of the Roman Empire Vol 1,Edward,78
The History of the Decline and Fall of the Roman Empire Vol 2,Edward Gibbon,70
The History of The Decline and Fall of the Roman Empire Vol 2,Edward,57
The History of the Decline and Fall of the Roman Empire Vol 3,Edward Gibbon,53
The History of The Decline and Fall of the Roman Empire Vol 3,Edward,99
The History of the Decline and Fall of the Roman Empire Vol 4,Edward Gibbon,27
The History of The Decline and Fall of the Roman Empire Vol 4,Edward,18
The History of the Decline and Fall of the Roman Empire Vol 5,Edward Gibbon,28
The History of The Decline and Fall of the Roman Empire Vol 5,Edward,54
The History of the Decline and Fall of the Roman Empire Vol 6,Edward Gibbon,39
The History of The Decline and Fall of the Roman Empire Vol 6,Edward,73
The House of Pride,Jack London,5
The Human Drift,Jack London,74
The Hunting of the Snark,Lewis Carroll,63
The Iliad of Homer,Homer,95
The Importance of Being Earnest,Oscar Wilde,29
The Inheritors,Joseph Conrad,32
The Innocence of Father Brown,G K Chesterton,43
The Innocents Abroad,Mark Twain,83
The Intrusion of Jimmy,P G Wodehouse,27
The Invisible Man,H G Wells,63
The Iron Heel,Jack London,15
The Island of Doctor Moreau,H G Wells,29
The Jacket - The Star Rover,Jack London,80
The Judicial Murder of Mary E. Surratt,David Miller Dewitt,81
The Jungle Book,Rudyard Kipling,3
The Kempton-Wace Letters,Jack London,44
The King of Clubs and the Queen of Hearts,Louisa May Alcott,82
The Kingdom of God Is Within You,Leo Tolstoy,22
The Kreutzer Sonata and Other Stories,Leo Tolstoy,56
The Lady of Blossholme,Henry Ryder Haggard,50
The Lady of the Mount,Frederic S Isham,89
The Land of the Blue Flower,Frances Hodgson Burnett,77
The Land That Time Forgot,Edgar Rice Burroughs,81
The Last Man,Mary Shelley,2
The Law and the Lady,Wilkie Collins,65
The Legacy of Cain,Wilkie Collins,5
The Letters of Anne Gilchrist and Walt,Walt Whittman,38
The Letters Of Mark Twain, Complete,Mark Twain,12
The Life and Adventures of Santa Claus,L Frank Baum,70
The Life of George Washington,Josephine Pollard,49
The Life of Harriet Beecher Stowe,Harriet Beecher Stowe,18
The Light Shines in Darkness,Leo Tolstoy,84
The Little Hunchback Zia,Frances Hodgson Burnett,23
The Little Lady of the Big House,Jack London,79
The Little Minister,James M Barrie,73
The Little Nugget,P G Wodehouse,66
The Little Warrior,P G Wodehouse,45
The Little White Bird,James M Barrie,29
The Live Corpse,Leo Tolstoy,42
The Lost Continent,Edgar Rice Burroughs,64
The Lost Girl,D H Lawrence,41
The Lost Prince,Frances Hodgson Burnett,70
The Lost Princess of Oz,L Frank Baum,78
The Mad King,Edgar Rice Burroughs,56
The Magic of Oz,L Frank Baum,69
The Mahatma and the Hare,Henry Ryder Haggard,5
The Man In The Iron Mask,Alexandre Dumas,41
The Man that Corrupted Hadleyburg,Mark Twain,27
The Man Upstairs and Other Stories,P G Wodehouse,43
The Man Who Knew Too Much,G K Chesterton,32
The Man Who Laughs,Victor Hugo,24
The Man Who Was Thursday,G K Chesterton,9
The Man with Two Left Feet,P G Wodehouse,19
The Masque of the Red Death,Edgar Allan Poe,13
The Master Key,L Frank Baum,10
The Master of the World,Jules Verne,26
The May Flower and Miscellaneous Writings,Harriet Beecher Stowe,100
The Memoirs of Victor Hugo,Victor Hugo,73
